Information Management & Analysis,Data Architecture & Engineering,Cloud Platform,Microsoft cloud services
Information Management & Analysis,Data Architecture & Engineering,Cloud Platform,Google Cloud
Information Management & Analysis,Data Architecture & Engineering,Cloud Platform,Data Security
Information Management & Analysis,Data Architecture & Engineering,Cloud Platform,Cloud Services
Information Management & Analysis,Data Architecture & Engineering,Cloud Platform,Cloud Computing Services
Information Management & Analysis,Data Science & Information Analysis,Structured Data Analytics,data visualization
Information Management & Analysis,Others,devops,Build Automation Tool
Information Management & Analysis,Others,devops,Analytics tools
Information Management & Analysis,Others,keyword,Procedures & Techniques
Information Management & Analysis,Others,Programming Tools,Programming Languages

